Code,Parent,Name_de
"011100","0111","Anbau von Getreide (ohne Reis), Hülsenfrüchten und Ölsaaten"
"011200","0112","Anbau von Reis"
"011300","0113","Anbau von Gemüse und Melonen sowie Wurzeln und Knollen"
"011400","0114","Anbau von Zuckerrohr"
"011500","0115","Anbau von Tabak"
"011600","0116","Anbau von Faserpflanzen"
"011900","0119","Anbau von sonstigen einjährigen Pflanzen"
"012101","0121","Anbau von Wein- und Tafeltrauben"
"012102","0121","Weinbau - Kellerei"
"012200","0122","Anbau von tropischen und subtropischen Früchten"
"012300","0123","Anbau von Zitrusfrüchten"
"012400","0124","Anbau von Kern- und Steinobst"
"012500","0125","Anbau von sonstigem Obst und Nüssen"
"012600","0126","Anbau von ölhaltigen Früchten"
"012700","0127","Anbau von Pflanzen zur Herstellung von Getränken"
"012800","0128","Anbau von Gewürzpflanzen, Pflanzen für aromatische, narkotische und pharmazeutische Zwecke"
"012900","0129","Anbau sonstiger mehrjähriger Pflanzen"
"013000","0130","Betrieb von Baumschulen sowie Anbau von Pflanzen zu Vermehrungszwecken"
"014100","0141","Haltung von Milchkühen"
"014200","0142","Haltung von anderen Tieren der Rindergattung"
"014300","0143","Haltung von Tieren der Pferdegattung"
"014400","0144","Haltung von Kameliden"
"014500","0145","Haltung von Schafen und Ziegen"
"014600","0146","Haltung von Schweinen"
"014700","0147","Haltung von Geflügel"
"014900","0149","Sonstige Tierhaltung"
"015000","0150","Gemischte Landwirtschaft"
"016100","0161","Erbringung von landwirtschaftlichen Dienstleistungen für den Pflanzenbau"
"016200","0162","Erbringung von landwirtschaftlichen Dienstleistungen für die Tierhaltung"
"016300","0163","Nach der Ernte anfallende Tätigkeiten in der pflanzlichen Erzeugung"
"016400","0164","Saatgutaufbereitung"
"017000","0170","Jagd, Fallenstellerei und damit verbundene Tätigkeiten"
"021000","0210","Forstwirtschaft"
"022000","0220","Holzeinschlag"
"023000","0230","Sammeln von wild wachsenden Produkten (ohne Holz)"
"024000","0240","Erbringung von Dienstleistungen für Forstwirtschaft und Holzeinschlag"
"031100","0311","Meeresfischerei"
"031200","0312","Süsswasserfischerei"
"032100","0321","Meeresaquakultur"
"032200","0322","Süsswasseraquakultur"
"051000","0510","Steinkohlenbergbau"
"052000","0520","Braunkohlenbergbau"
"061000","0610","Gewinnung von Erdöl"
"062000","0620","Gewinnung von Erdgas"
"071000","0710","Eisenerzbergbau"
"072100","0721","Bergbau von Uran- und Thoriumerze"
"072900","0729","Sonstiger NE-Metallerzbergbau"
"081100","0811","Gewinnung von Naturwerksteinen und Natursteinen, Kalk- und Gipsstein, Kreide und Schiefer"
"081200","0812","Gewinnung von Kies, Sand, Ton und Kaolin"
"089100","0891","Bergbau auf chemische und Düngemittelminerale"
"089200","0892","Torfgewinnung"
"089300","0893","Gewinnung von Salz"
"089900","0899","Gewinnung von Steinen und Erden a. n. g."
"091000","0910","Erbringung von Dienstleistungen für die Gewinnung von Erdöl und Erdgas"
"099000","0990","Erbringung von Dienstleistungen für den sonstigen Bergbau und die Gewinnung von Steinen und Erden"
"101100","1011","Schlachten (ohne Schlachten von Geflügel)"
"101200","1012","Schlachten von Geflügel"
"101300","1013","Fleischverarbeitung"
"102000","1020","Fischverarbeitung"
"103100","1031","Kartoffelverarbeitung"
"103200","1032","Herstellung von Frucht- und Gemüsesäften"
"103900","1039","Sonstige Verarbeitung von Obst und Gemüse"
"104100","1041","Herstellung von Ölen und Fetten (ohne Margarine u. ä. Nahrungsfette)"
"104200","1042","Herstellung von Margarine u. ä. Nahrungsfetten"
"105101","1051","Herstellung von Frischmilchprodukten"
"105102","1051","Herstellung von Käse"
"105103","1051","Sonstige Milchverarbeitung"
"105200","1052","Herstellung von Speiseeis"
"106100","1061","Mahl- und Schälmühlen"
"106200","1062","Herstellung von Stärke und Stärkeerzeugnissen"
"107100","1071","Herstellung von Backwaren (ohne Dauerbackwaren)"
"107200","1072","Herstellung von Dauerbackwaren"
"107300","1073","Herstellung von Teigwaren"
"108100","1081","Herstellung von Zucker"
"108201","1082","Herstellung von Kakao- und Schokoladeerzeugnissen"
"108202","1082","Herstellung von Zuckerwaren"
"108300","1083","Verarbeitung von Kaffee und Tee, Herstellung von Kaffee-Ersatz"
"108400","1084","Herstellung von Würzmitteln und Saucen"
"108500","1085","Herstellung von Fertiggerichten"
"108600","1086","Herstellung von homogenisierten und diätetischen Nahrungsmitteln"
"108900","1089","Herstellung von sonstigen Nahrungsmitteln a. n. g."
"109100","1091","Herstellung von Futtermitteln für Nutztiere"
"109200","1092","Herstellung von Futtermitteln für sonstige Tiere"
"110100","1101","Herstellung von Spirituosen"
"110200","1102","Herstellung von Traubenwein"
"110300","1103","Herstellung von Apfelwein und anderen Fruchtweinen"
"110400","1104","Herstellung von Wermutwein und sonstigen aromatisierten Weinen"
"110500","1105","Herstellung von Bier"
"110600","1106","Herstellung von Malz"
"110700","1107","Herstellung von Erfrischungsgetränken; Gewinnung natürlicher Mineralwässer"
"120000","1200","Tabakverarbeitung"
"131001","1310","Baumwollaufbereitung und -spinnerei"
"131002","1310","Wollaufbereitung, Streichgarnspinnerei und Kammgarnspinnerei"
"131003","1310","Spinnstoffaufbereitung und Spinnerei"
"131004","1310","Sonstige Spinnstoffaufbereitung und Spinnerei"
"132001","1320","Baumwollweberei"
"132002","1320","Streichgarnweberei und Kammgarnweberei"
"132003","1320","Sonstige Weberei"
"133000","1330","Veredlung von Textilien und Bekleidung"
"139100","1391","Herstellung von gewirktem und gestricktem Stoff"
"139201","1392","Herstellung von Haus-, Bett- und Tischwäsche"
"139202","1392","Herstellung von Bettwaren"
"139203","1392","Herstellung von sonstigen konfektionierten Textilwaren (ohne Bekleidung)"
"139300","1393","Herstellung von Teppichen"
"139400","1394","Herstellung von Seilerwaren"
"139500","1395","Herstellung von Vliesstoff und Erzeugnissen daraus (ohne Bekleidung)"
"139600","1396","Herstellung von technischen Textilien"
"139901","1399","Stickerei"
"139902","1399","Herstellung von Bändern, Gurten, Posamenten und Schläuchen"
"139903","1399","Herstellung von sonstigen Textilwaren a. n. g."
"141100","1411","Herstellung von Lederbekleidung"
"141200","1412","Herstellung von Arbeits- und Berufsbekleidung"
"141301","1413","Herstellung von Herren- und Knabenoberbekleidung"
"141302","1413","Herstellung von Damen- und Mädchenoberbekleidung"
"141303","1413","Herstellung von Oberbekleidung ohne ausgeprägten Schwerpunkt"
"141401","1414","Herstellung von Herren- und Knabenwäsche"
"141402","1414","Herstellung von Damen- und Mädchenwäsche"
"141403","1414","Herstellung von Wäsche ohne ausgeprägten Schwerpunkt"
"141900","1419","Herstellung von sonstiger Bekleidung und Bekleidungszubehör a. n. g."
"142000","1420","Herstellung von Pelzwaren"
"143100","1431","Herstellung von Strumpfwaren"
"143900","1439","Herstellung von sonstiger Bekleidung aus gewirktem und gestricktem Stoff"
"151100","1511","Herstellung von Leder und Lederfaserstoff; Zurichtung und Färben von Fellen"
"151200","1512","Herstellung von Reiseartikeln, Leder- und Sattlerwaren (ohne Herstellung von Lederbekleidung und Schuhen)"
"152000","1520","Herstellung von Schuhen"
"161001","1610","Sägewerke"
"161002","1610","Holzhobelwerke und Holzoberflächenbehandlung"
"161003","1610","Holzimprägnierwerke"
"162100","1621","Herstellung von Furnier-, Sperrholz-, Holzfaser- und Holzspanplatten"
"162200","1622","Herstellung von Parketttafeln"
"162301","1623","Bauschreinerei, Fenster und Türen"
"162302","1623","Schreinerarbeiten im Innenausbau"
"162303","1623","Herstellung von sonstigen vorfabrizierten Holzbausystemen und Fertigteilbauteilen aus Holz"
"162400","1624","Herstellung von Verpackungsmitteln, Lagerbehältern und Ladungsträgern aus Holz"
"162900","1629","Herstellung von Holzwaren a. n. g, Kork-, Flecht- und Korbwaren (ohne Möbel)"
"171100","1711","Herstellung von Holz- und Zellstoff"
"171200","1712","Herstellung von Papier, Karton und Pappe"
"172100","1721","Herstellung von Wellpapier und -pappe sowie von Verpackungsmitteln aus Papier, Karton und Pappe"
"172200","1722","Herstellung von Haushalts-, Hygiene- und Toilettenartikeln aus Zellstoff, Papier und Pappe"
"172300","1723","Herstellung von Schreibwaren und Bürobedarf aus Papier, Karton und Pappe"
"172400","1724","Herstellung von Tapeten"
"172900","1729","Herstellung von sonstigen Waren aus Papier, Karton und Pappe"
"181100","1811","Drucken von Zeitungen"
"181201","1812","Offsetdruck"
"181202","1812","Siebdruck"
"181203","1812","Lichtpause- und Reprografiebetriebe"
"181204","1812","Sonstiges Drucken a. n. g."
"181301","1813","Erbringung von druckvorbereitenden Dienstleistungen"
"181302","1813","Erbringung von sonstigen druckbezogenen Dienstleistungen a. n. g."
"181400","1814","Binden von Druckerzeugnissen und damit verbundene Dienstleistungen"
"182000","1820","Vervielfältigung von bespielten Ton-, Bild- und Datenträgern"
"191000","1910","Kokerei"
"192000","1920","Mineralölverarbeitung"
"201100","2011","Herstellung von Industriegasen"
"201200","2012","Herstellung von Farbstoffen und Pigmenten"
"201300","2013","Herstellung von sonstigen anorganischen Grundstoffen und Chemikalien"
"201400","2014","Herstellung von sonstigen organischen Grundstoffen und Chemikalien"
"201500","2015","Herstellung von Düngemitteln und Stickstoffverbindungen"
"201600","2016","Herstellung von Kunststoffen in Primärformen"
"201700","2017","Herstellung von synthetischem Kautschuk in Primärformen"
"202000","2020","Herstellung von Schädlingsbekämpfungs-, Pflanzenschutz- und Desinfektionsmitteln"
"203000","2030","Herstellung von Anstrichmitteln, Druckfarben und Kitten"
"204100","2041","Herstellung von Seifen, Wasch-, Reinigungs- und Poliermitteln"
"204200","2042","Herstellung von Körperpflegemitteln und Duftstoffen"
"205100","2051","Herstellung von pyrotechnischen Erzeugnissen"
"205200","2052","Herstellung von Klebstoffen"
"205300","2053","Herstellung von ätherischen Ölen"
"205900","2059","Herstellung von sonstigen chemischen Erzeugnissen a. n. g."
"206000","2060","Herstellung von Chemiefasern"
"211000","2110","Herstellung von pharmazeutischen Grundstoffen"
"212000","2120","Herstellung von pharmazeutischen Spezialitäten und sonstigen pharmazeutischen Erzeugnissen"
"221100","2211","Herstellung und Runderneuerung von Bereifungen"
"221900","2219","Herstellung von sonstigen Gummiwaren"
"222100","2221","Herstellung von Platten, Folien, Schläuchen und Profilen aus Kunststoffen"
"222200","2222","Herstellung von Verpackungsmitteln aus Kunststoffen"
"222300","2223","Herstellung von Baubedarfsartikeln aus Kunststoffen"
"222900","2229","Herstellung von sonstigen Kunststoffwaren"
"231100","2311","Herstellung von Flachglas"
"231200","2312","Veredlung und Bearbeitung von Flachglas"
"231300","2313","Herstellung von Hohlglas"
"231400","2314","Herstellung von Glasfasern und Waren daraus"
"231900","2319","Herstellung, Veredlung und Bearbeitung von sonstigem Glas einschliesslich technischen Glaswaren"
"232000","2320","Herstellung von feuerfesten keramischen Werkstoffen und Waren"
"233100","2331","Herstellung von keramischen Wand- und Bodenfliesen und -platten"
"233200","2332","Herstellung von Ziegeln und sonstiger Baukeramik"
"234100","2341","Herstellung von keramischen Haushaltswaren und Ziergegenständen"
"234200","2342","Herstellung von Sanitärkeramik"
"234300","2343","Herstellung von Isolatoren und Isolierteilen aus Keramik"
"234400","2344","Herstellung von sonstigen keramischen Erzeugnissen für technische Zwecke"
"234900","2349","Herstellung von sonstigen keramischen Erzeugnissen"
"235100","2351","Herstellung von Zement"
"235200","2352","Herstellung von Kalk und gebranntem Gips"
"236100","2361","Herstellung von Erzeugnissen aus Beton, Zement und Kalksandstein für den Bau"
"236200","2362","Herstellung von Gipserzeugnissen für den Bau"
"236300","2363","Herstellung von Frischbeton (Transportbeton)"
"236400","2364","Herstellung von Mörtel und anderem Beton (Trockenbeton)"
"236500","2365","Herstellung von Faserzementwaren"
"236900","2369","Herstellung von sonstigen Erzeugnissen aus Beton, Zement und Gips a. n. g."
"237000","2370","Be- und Verarbeitung von Naturwerksteinen und Natursteinen a. n. g."
"239100","2391","Herstellung von Schleifkörpern und Schleifmitteln auf Unterlage"
"239901","2399","Herstellung von Produkten aus Asphalt"
"239902","2399","Sonstige Herstellung von sonstigen Erzeugnissen aus nicht metallischen Mineralien a. n. g."
"241000","2410","Erzeugung von Roheisen, Stahl und Ferrolegierungen"
"242000","2420","Herstellung von Stahlrohren, Rohrform-, Rohrverschluss- und Rohrverbindungsstücken aus Stahl"
"243100","2431","Herstellung von Blankstahl"
"243200","2432","Herstellung von Kaltband mit einer Breite von weniger als 600 mm"
"243300","2433","Herstellung von Kaltprofilen"
"243400","2434","Herstellung von kaltgezogenem Draht"
"244100","2441","Erzeugung und erste Bearbeitung von Edelmetallen"
"244200","2442","Erzeugung und erste Bearbeitung von Aluminium"
"244300","2443","Erzeugung und erste Bearbeitung von Blei, Zink und Zinn"
"244400","2444","Erzeugung und erste Bearbeitung von Kupfer"
"244500","2445","Erzeugung und erste Bearbeitung von sonstigen NE-Metallen"
"244600","2446","Aufbereitung von Kernbrennstoffen"
"245100","2451","Eisengiessereien"
"245200","2452","Stahlgiessereien"
"245300","2453","Leichtmetallgiessereien"
"245400","2454","Buntmetallgiessereien"
"251100","2511","Herstellung von Metallkonstruktionen"
"251200","2512","Herstellung von Ausbauelementen aus Metall"
"252100","2521","Herstellung von Heizkörpern und -kesseln für Zentralheizungen"
"252900","2529","Herstellung von Sammelbehältern, Tanks u. ä. Behältern aus Metall"
"253000","2530","Herstellung von Dampfkesseln (ohne Zentralheizungskessel)"
"254000","2540","Herstellung von Waffen und Munition"
"255000","2550","Herstellung von Schmiede-, Press-, Zieh- und Stanzteilen, gewalzten Ringen und pulvermetallurgischen Erzeugnissen"
"256100","2561","Oberflächenveredlung und Wärmebehandlung"
"256201","2562","Mechanische Werkstätten"
"256202","2562","Schlossereien"
"256203","2562","Schmieden"
"257100","2571","Herstellung von Schneidwaren und Bestecken aus unedlen Metallen"
"257200","2572","Herstellung von Schlössern und Beschlägen aus unedlen Metallen"
"257300","2573","Herstellung von Werkzeugen"
"259100","2591","Herstellung von Fässern, Trommeln, Dosen, Eimern u. ä. Behältern aus Metall"
"259200","2592","Herstellung von Verpackungen und Verschlüssen aus Leichtmetall"
"259300","2593","Herstellung von Drahtwaren, Ketten und Federn"
"259400","2594","Herstellung von Schrauben und Nieten"
"259900","2599","Herstellung von sonstigen Metallwaren a. n. g."
"261100","2611","Herstellung von elektronischen Bauelementen"
"261200","2612","Herstellung von bestückten Leiterplatten"
"262000","2620","Herstellung von Datenverarbeitungsgeräten und peripheren Geräten"
"263000","2630","Herstellung von Geräten und Einrichtungen der Telekommunikationstechnik"
"264000","2640","Herstellung von Geräten der Unterhaltungselektronik"
"265100","2651","Herstellung von Mess-, Kontroll-, Navigations- u. ä. Instrumenten und Vorrichtungen"
"265201","2652","Herstellung und Zusammensetzung von Uhren"
"265202","2652","Herstellung und Zusammensetzung von Grossuhren"
"265203","2652","Herstellung und Zusammensetzung von Uhrwerken"
"265204","2652","Herstellung der Ausstattung von Uhren"
"265205","2652","Herstellung anderer Uhrenbestandteile"
"266000","2660","Herstellung von Bestrahlungs- und Elektrotherapiegeräten und elektromedizinischen Geräten"
"267000","2670","Herstellung von optischen und fotografischen Instrumenten und Geräten"
"268000","2680","Herstellung von magnetischen und optischen Datenträgern"
"271100","2711","Herstellung von Elektromotoren, Generatoren und Transformatoren"
"271200","2712","Herstellung von Elektrizitätsverteilungs- und -schalteinrichtungen"
"272000","2720","Herstellung von Batterien und Akkumulatoren"
"273100","2731","Herstellung von Glasfaserkabeln"
"273200","2732","Herstellung von sonstigen elektronischen und elektrischen Drähten und Kabeln"
"273300","2733","Herstellung von elektrischem Installationsmaterial"
"274000","2740","Herstellung von elektrischen Lampen und Leuchten"
"275100","2751","Herstellung von elektrischen Haushaltsgeräten"
"275200","2752","Herstellung von nichtelektrischen Haushaltsgeräten"
"279000","2790","Herstellung von sonstigen elektrischen Ausrüstungen und Geräten a. n. g."
"281100","2811","Herstellung von Verbrennungsmotoren und Turbinen (ohne Motoren für Luft- und Strassenfahrzeuge)"
"281200","2812","Herstellung von hydraulischen und pneumatischen Komponenten und Systemen"
"281300","2813","Herstellung von Pumpen und Kompressoren a. n. g."
"281400","2814","Herstellung von Armaturen a. n. g."
"281500","2815","Herstellung von Lagern, Getrieben, Zahnrädern und Antriebselementen"
"282100","2821","Herstellung von Öfen und Brennern"
"282200","2822","Herstellung von Hebezeugen und Fördermitteln"
"282300","2823","Herstellung von Büromaschinen (ohne Datenverarbeitungsgeräte und periphere Geräte)"
"282400","2824","Herstellung von handgeführten Werkzeugen mit Motorantrieb"
"282500","2825","Herstellung von kälte- und lufttechnischen Erzeugnissen, nicht für den Haushalt"
"282900","2829","Herstellung von sonstigen nicht wirtschaftszweigspezifischen Maschinen a. n. g."
"283000","2830","Herstellung von land- und forstwirtschaftlichen Maschinen"
"284100","2841","Herstellung von Werkzeugmaschinen für die Metallbearbeitung"
"284900","2849","Herstellung von sonstigen Werkzeugmaschinen"
"289100","2891","Herstellung von Maschinen für die Metallerzeugung, von Walzwerkseinrichtungen und Giessmaschinen"
"289200","2892","Herstellung von Bergwerks-, Bau- und Baustoffmaschinen"
"289300","2893","Herstellung von Maschinen für die Nahrungs- und Genussmittelerzeugung und die Tabakverarbeitung"
"289400","2894","Herstellung von Maschinen für die Textil- und Bekleidungsherstellung und die Lederverarbeitung"
"289500","2895","Herstellung von Maschinen für die Papiererzeugung und -verarbeitung"
"289600","2896","Herstellung von Maschinen für die Verarbeitung von Kunststoffen und Kautschuk"
"289901","2899","Herstellung von Maschinen für die Herstellung von Druckerzeugnissen"
"289902","2899","Sonstige Herstellung von Maschinen für sonstige bestimmte Wirtschaftszweige a. n. g."
"291000","2910","Herstellung von Automobilen und Automobilmotoren"
"292000","2920","Herstellung von Karosserien, Aufbauten und Anhängern"
"293100","2931","Herstellung elektrischer und elektronischer Ausrüstungsgegenstände für Automobile"
"293200","2932","Herstellung von sonstigen Teilen und sonstigem Zubehör für Automobile"
"301100","3011","Schiffbau (ohne Boots- und Yachtbau)"
"301200","3012","Boots- und Yachtbau"
"302000","3020","Schienenfahrzeugbau"
"303000","3030","Luft- und Raumfahrzeugbau"
"304000","3040","Herstellung von militärischen Kampffahrzeugen"
"309100","3091","Herstellung von Motorrädern"
"309201","3092","Herstellung von Fahrrädern"
"309202","3092","Herstellung von Behindertenfahrzeugen"
"309900","3099","Herstellung von sonstigen Fahrzeugen a. n. g."
"310100","3101","Herstellung von Büro- und Ladenbau (ohne Einbau)"
"310200","3102","Herstellung von Küchen- und Badzimmermöbeln (ohne Einbau)"
"310300","3103","Herstellung von Matratzen"
"310900","3109","Herstellung von sonstigen Möbeln"
"321100","3211","Herstellung von Münzen"
"321201","3212","Bearbeitung von Edel- und Schmucksteinen"
"321202","3212","Herstellung von Schmuck, Gold- und Silberschmiedwaren a. n. g. (ohne Fantasieschmuck)"
"321300","3213","Herstellung von Fantasieschmuck"
"322000","3220","Herstellung von Musikinstrumenten"
"323000","3230","Herstellung von Sportgeräten"
"324000","3240","Herstellung von Spielwaren"
"325001","3250","Herstellung von medizinischen und zahnmedizinischen Apparaten und Materialien"
"325002","3250","Herstellung von orthopädischen und prothetischen Erzeugnissen"
"325003","3250","Zahntechnische Laboratorien"
"325004","3250","Herstellung von Brillen"
"329100","3291","Herstellung von Besen und Bürsten"
"329900","3299","Herstellung von sonstigen Erzeugnissen a. n. g."
"331100","3311","Reparatur von Metallerzeugnissen"
"331200","3312","Reparatur von Maschinen"
"331300","3313","Reparatur von elektronischen und optischen Geräten"
"331400","3314","Reparatur von elektrischen Ausrüstungen"
"331500","3315","Reparatur und Instandhaltung von Schiffen, Booten und Yachten"
"331600","3316","Reparatur und Instandhaltung von Luft- und Raumfahrzeugen"
"331700","3317","Reparatur und Instandhaltung von Fahrzeugen a. n. g."
"331900","3319","Reparatur von sonstigen Ausrüstungen"
"332000","3320","Installation von Maschinen und Ausrüstungen a. n. g."
"351100","3511","Elektrizitätserzeugung"
"351200","3512","Elektrizitätsübertragung"
"351300","3513","Elektrizitätsverteilung"
"351400","3514","Elektrizitätshandel"
"352100","3521","Gaserzeugung"
"352200","3522","Gasverteilung durch Rohrleitungen"
"352300","3523","Gashandel durch Rohrleitungen"
"353000","3530","Wärme- und Kälteversorgung"
"360000","3600","Wasserversorgung"
"370000","3700","Abwasserentsorgung"
"381100","3811","Sammlung nicht gefährlicher Abfälle"
"381200","3812","Sammlung gefährlicher Abfälle"
"382100","3821","Behandlung und Beseitigung nicht gefährlicher Abfälle"
"382200","3822","Behandlung und Beseitigung gefährlicher Abfälle"
"383100","3831","Zerlegen von Schiffs- und Fahrzeugwracks und anderen Altwaren"
"383200","3832","Rückgewinnung sortierter Werkstoffe"
"390000","3900","Beseitigung von Umweltverschmutzungen und sonstige Entsorgung"
"411000","4110","Entwicklung von Bauprojekten"
"412001","4120","Allgemeiner Hochbau"
"412002","4120","Aktivitäten der Generalunternehmen im Baugewerbe"
"412003","4120","Allgemeiner Hoch- und Tiefbau ohne ausgeprägten Schwerpunkt"
"412004","4120","Unterhalt und Reparatur von Gebäuden"
"421100","4211","Bau von Strassen"
"421200","4212","Bau von Bahnverkehrsstrecken"
"421300","4213","Brücken- und Tunnelbau"
"422100","4221","Rohrleitungstiefbau, Brunnenbau und Kläranlagenbau"
"422200","4222","Kabelnetzleitungstiefbau"
"429100","4291","Wasserbau"
"429900","4299","Sonstiger Tiefbau a. n. g."
"431100","4311","Abbrucharbeiten"
"431200","4312","Vorbereitende Baustellenarbeiten"
"431300","4313","Test- und Suchbohrung"
"432100","4321","Elektroinstallation"
"432201","4322","Sanitärinstallation"
"432202","4322","Sanitärinstallation und Spenglerei"
"432203","4322","Sanitär- und Heizungsinstallation"
"432204","4322","Installation von Heizungs-, Lüftungs- und Klimaanlagen"
"432901","4329","Dämmung gegen Kälte, Wärme, Schall und Erschütterung"
"432902","4329","Sonstige Bauinstallation"
"433100","4331","Anbringen von Stuckaturen, Gipserei und Verputzerei"
"433200","4332","Einbau von Fenster, Türen und Innenausbau, Einbauküchen, Einbaumöbel"
"433301","4333","Verlegen von Fussboden"
"433302","4333","Verlegen von Fliesen und Platten"
"433303","4333","Tapeziererei"
"433401","4334","Malerei"
"433402","4334","Malerei und Gipserei ohne ausgeprägten Schwerpunkt"
"433403","4334","Glaserei"
"433900","4339","Sonstiger Ausbau a. n. g."
"439101","4391","Holzbau, Zimmerei"
"439102","4391","Dachdeckerei"
"439103","4391","Bauspenglerei"
"439901","4399","Abdichtungen"
"439902","4399","Gerüstbau"
"439903","4399","Maurerarbeiten"
"439904","4399","Vermietung von Baumaschinen und -geräten mit Bedienungspersonal"
"439905","4399","Sonstiger spezialisierter Hoch- und Tiefbau a. n. g."
"451101","4511","Handelsvermittlung und Grosshandel mit Automobilen mit einem Gesamtgewicht von 3,5 t oder weniger"
"451102","4511","Detailhandel mit Automobilen mit einem Gesamtgewicht von 3,5 t oder weniger"
"451901","4519","Handelsvermittlung und Grosshandel mit Automobilen mit einem Gesamtgewicht von mehr als 3,5 t"
"451902","4519","Detailhandel mit Automobilen mit einem Gesamtgewicht von mehr als 3,5 t"
"452001","4520","Instandhaltung und Reparatur von Automobilen"
"452002","4520","Reparatur und Lackieren von Carrosserien"
"453100","4531","Grosshandel mit Automobilteilen und -zubehör"
"453200","4532","Detailhandel mit Automobilteilen und -zubehör"
"454000","4540","Handel mit Motorrädern, Kraftradteilen und -zubehör; Instandhaltung und Reparatur von Motorrädern"
"461100","4611","Handelsvermittlung von landwirtschaftlichen Grundstoffen, lebenden Tieren, textilen Rohstoffen und Halbwaren"
"461200","4612","Handelsvermittlung von Brennstoffen, Erzen, Metallen und technischen Chemikalien"
"461300","4613","Handelsvermittlung von Holz, Baustoffen und Anstrichmitteln"
"461400","4614","Handelsvermittlung von Maschinen, technischem Bedarf, Wasser- und Luftfahrzeugen"
"461500","4615","Handelsvermittlung von Möbeln, Einrichtungs- und Haushaltsgegenständen, Eisen- und Metallwaren"
"461600","4616","Handelsvermittlung von Textilien, Bekleidung, Schuhen und Lederwaren"
"461700","4617","Handelsvermittlung von Nahrungsmitteln, Getränken und Tabakwaren"
"461800","4618","Handelsvermittlung von sonstigen Waren"
"461900","4619","Handelsvermittlung von Waren ohne ausgeprägten Schwerpunkt"
"462100","4621","Grosshandel mit Getreide, Rohtabak, Saatgut und Futtermitteln"
"462200","4622","Grosshandel mit Blumen und Pflanzen"
"462300","4623","Grosshandel mit lebenden Tieren"
"462400","4624","Grosshandel mit Häuten, Fellen und Leder"
"463100","4631","Grosshandel mit Obst, Gemüse und Kartoffeln"
"463200","4632","Grosshandel mit Fleisch und Fleischwaren"
"463300","4633","Grosshandel mit Milch, Milcherzeugnissen, Eiern, Speiseölen und Nahrungsfetten"
"463401","4634","Grosshandel mit Wein und Spirituosen"
"463402","4634","Grosshandel mit sonstigen Getränken"
"463500","4635","Grosshandel mit Tabakwaren"
"463600","4636","Grosshandel mit Zucker, Süsswaren und Backwaren"
"463700","4637","Grosshandel mit Kaffee, Tee, Kakao und Gewürzen"
"463800","4638","Grosshandel mit sonstigen Nahrungs- und Genussmitteln"
"463900","4639","Grosshandel mit Nahrungs- und Genussmitteln, Getränken und Tabakwaren, ohne ausgeprägten Schwerpunkt"
"464100","4641","Grosshandel mit Textilien"
"464201","4642","Grosshandel mit Bekleidung"
"464202","4642","Grosshandel mit Schuhen"
"464301","4643","Grosshandel mit elektrischen Haushaltsgeräten"
"464302","4643","Grosshandel mit Geräten der Unterhaltungselektronik"
"464303","4643","Grosshandel mit Foto- und Kinogeräten, feinmechanischen und optischen Erzeugnissen"
"464400","4644","Grosshandel mit keramischen Erzeugnissen, Glaswaren und Reinigungsmitteln"
"464500","4645","Grosshandel mit kosmetischen Erzeugnissen und Körperpflegemitteln"
"464601","4646","Grosshandel mit pharmazeutischen Erzeugnissen"
"464602","4646","Grosshandel mit medizinischen, chirurgischen und orthopädischen Erzeugnissen"
"464700","4647","Grosshandel mit Möbeln, Teppichen, Lampen und Leuchten"
"464801","4648","Grosshandel mit Uhren"
"464802","4648","Grosshandel mit Schmuck"
"464901","4649","Grosshandel mit Schreibwaren, Büchern und Zeitungen"
"464902","4649","Grosshandel mit Spielwaren"
"464903","4649","Grosshandel mit Sportartikeln"
"464904","4649","Grosshandel mit Lederwaren und Reiseartikeln"
"464905","4649","Grosshandel mit Geschenkartikeln und Souvenirs"
"464906","4649","Grosshandel mit sonstigen Gebrauchs- und Verbrauchsgütern a. n. g."
"465101","4651","Grosshandel mit Datenverarbeitungsgeräten und peripheren Einheiten"
"465102","4651","Grosshandel mit Software"
"465200","4652","Grosshandel mit elektronischen Bauteilen und Telekommunikationsgeräten"
"466100","4661","Grosshandel mit landwirtschaftlichen Maschinen und Geräten"
"466200","4662","Grosshandel mit Werkzeugmaschinen"
"466300","4663","Grosshandel mit Bergwerks-, Bau- und Baustoffmaschinen"
"466400","4664","Grosshandel mit Textil-, Näh- und Strickmaschinen"
"466500","4665","Grosshandel mit Büromöbeln"
"466600","4666","Grosshandel mit sonstigen Büromaschinen und -einrichtungen"
"466900","4669","Grosshandel mit sonstigen Maschinen und Ausrüstungen"
"467100","4671","Grosshandel mit festen Brennstoffen und Mineralölerzeugnissen"
"467200","4672","Grosshandel mit Erzen, Metallen und Metallhalbzeug"
"467301","4673","Grosshandel mit Holz und Bauelementen aus Holz"
"467302","4673","Grosshandel mit Baustoffen"
"467303","4673","Grosshandel mit Flachglas, Anstrichmitteln und Sanitärkeramik"
"467400","4674","Grosshandel mit Metall- und Kunststoffwaren für Bauzwecke sowie Installationsbedarf für Gas, Wasser und Heizung"
"467500","4675","Grosshandel mit chemischen Erzeugnissen"
"467600","4676","Grosshandel mit sonstigen Halbwaren"
"467701","4677","Grosshandel mit Ersatzautoteile, Autoverwertung"
"467702","4677","Grosshandel mit Altmaterialien und Reststoffen"
"469000","4690","Grosshandel ohne ausgeprägten Schwerpunkt"
"471101","4711","Verbrauchermärkte (> 2500 m2)"
"471102","4711","Grosse Supermärkte (1000-2499 m2)"
"471103","4711","Kleine Supermärkte (400-999 m2)"
"471104","4711","Grosse Geschäfte (100-399 m2)"
"471105","4711","Kleine Geschäfte (< 100 m2)"
"471901","4719","Warenhäuser"
"471902","4719","Sonstiger Detailhandel mit Waren verschiedener Art a.n.g."
"472100","4721","Detailhandel mit Obst, Gemüse und Kartoffeln"
"472200","4722","Detailhandel mit Fleisch und Fleischwaren"
"472300","4723","Detailhandel mit Fisch, Meeresfrüchten und Fischerzeugnissen"
"472401","4724","Detailhandel mit Back- und Süsswaren"
"472402","4724","Bäckereien - Tea-Rooms"
"472500","4725","Detailhandel mit Getränken"
"472600","4726","Detailhandel mit Tabakwaren"
"472901","4729","Detailhandel mit Milcherzeugnissen und Eiern"
"472902","4729","Sonstiger Fachdetailhandel mit Nahrungs- und Genussmitteln, Getränken und Tabakwaren a. n. g. (in Verkaufsräumen)"
"473000","4730","Detailhandel mit Motorenkraftstoffen (Tankstellen)"
"474100","4741","Detailhandel mit Datenverarbeitungsgeräten, peripheren Geräten und Software"
"474200","4742","Detailhandel mit Telekommunikationsgeräten"
"474300","4743","Detailhandel mit Geräten der Unterhaltungselektronik"
"475100","4751","Detailhandel mit Textilien"
"475201","4752","Detailhandel mit Eisen- und Metallwaren"
"475202","4752","Sonstiger Detailhandel mit Metallwaren, Anstrichmitteln, Bau- und Heimwerkerbedarf"
"475300","4753","Detailhandel mit Vorhängen, Teppichen, Fussbodenbelägen und Tapeten"
"475400","4754","Detailhandel mit elektrischen Haushaltsgeräten"
"475901","4759","Detailhandel mit Musikinstrumenten"
"475902","4759","Detailhandel mit Möbeln"
"475903","4759","Detailhandel mit Einrichtungsgegenständen und Hausrat a. n. g."
"476100","4761","Detailhandel mit Büchern"
"476201","4762","Detailhandel mit Zeitschriften und Zeitungen; Kioske"
"476202","4762","Detailhandel mit Schreibwaren und Bürobedarf"
"476300","4763","Detailhandel mit bespielten Ton- und Bildträgern"
"476401","4764","Detailhandel mit Fahrrädern"
"476402","4764","Detailhandel mit Sportartikeln"
"476500","4765","Detailhandel mit Spielwaren"
"477101","4771","Detailhandel mit Damenbekleidung"
"477102","4771","Detailhandel mit Herrenbekleidung"
"477103","4771","Detailhandel mit Säuglings- und Kinderbekleidung"
"477104","4771","Detailhandel mit Pelzwaren"
"477105","4771","Detailhandel mit Bekleidungszubehör und Bekleidung ohne ausgeprägten Schwerpunkt"
"477201","4772","Detailhandel mit Schuhen"
"477202","4772","Detailhandel mit Lederwaren und Reiseartikeln"
"477300","4773","Apotheken"
"477400","4774","Detailhandel mit medizinischen und orthopädischen Artikeln"
"477501","4775","Drogerien"
"477502","4775","Parfümerien und sonstiger Detailhandel mit kosmetischen Artikeln und Körperpflegemitteln"
"477601","4776","Detailhandel mit Getreide, Futtermitteln und Landesprodukten"
"477602","4776","Detailhandel mit Blumen und Pflanzen"
"477603","4776","Detailhandel mit Haustieren und zoologischem Bedarf für Haustiere"
"477700","4777","Detailhandel mit Uhren und Schmuck"
"477801","4778","Detailhandel mit Brennstoffen und Heizmaterial"
"477802","4778","Detailhandel mit Brillen und anderen Sehhilfen"
"477803","4778","Detailhandel mit fotografischen Artikeln"
"477804","4778","Detailhandel mit Geschenkartikeln und Souvenirs"
"477805","4778","Kunsthandel"
"477806","4778","Sonstiger Fachdetailhandel a. n. g. (in Verkaufsräumen)"
"477901","4779","Detailhandel mit Antiquitäten"
"477902","4779","Detailhandel mit Gebrauchtwaren a. n. g. (in Verkaufsräumen)"
"478100","4781","Detailhandel mit Nahrungs- und Genussmitteln, Getränken und Tabakwaren an Verkaufsständen und auf Märkten"
"478200","4782","Detailhandel mit Textilien, Bekleidung und Schuhen an Verkaufsständen und auf Märkten"
"478900","4789","Detailhandel mit sonstigen Gütern an Verkaufsständen und auf Märkten"
"479100","4791","Versand- und Internet-Detailhandel"
"479900","4799","Sonstiger Detailhandel, nicht in Verkaufsräumen, an Verkaufsständen oder auf Märkten"
"491000","4910","Personenbeförderung im Eisenbahnfernverkehr"
"492000","4920","Güterbeförderung im Eisenbahnverkehr"
"493100","4931","Personenbeförderung im Nahverkehr zu Lande (ohne Taxis)"
"493200","4932","Betrieb von Taxis"
"493901","4939","Nicht-regelmässiger Personenbeförderung im Landverkehr"
"493902","4939","Regelmässige Personenbeförderung im Regional- und Fernverkehr"
"493903","4939","Personenbeförderung mittels Zahnrad-, Seilbahnen und Skiliften"
"494100","4941","Güterbeförderung im Strassenverkehr"
"494200","4942","Umzugstransporte"
"495000","4950","Transport in Rohrfernleitungen"
"501000","5010","Personenbeförderung in der See- und Küstenschifffahrt"
"502000","5020","Güterbeförderung in der See- und Küstenschifffahrt"
"503000","5030","Personenbeförderung in der Binnenschifffahrt"
"504000","5040","Güterbeförderung in der Binnenschifffahrt"
"511000","5110","Personenbeförderung in der Luftfahrt"
"512100","5121","Güterbeförderung in der Luftfahrt"
"512200","5122","Raumtransport"
"521000","5210","Lagerung"
"522100","5221","Erbringung von sonstigen Dienstleistungen für den Landverkehr"
"522200","5222","Erbringung von sonstigen Dienstleistungen für die Schifffahrt"
"522300","5223","Erbringung von sonstigen Dienstleistungen für die Luftfahrt"
"522400","5224","Frachtumschlag"
"522900","5229","Erbringung von sonstigen Dienstleistungen für den Verkehr a. n. g."
"531000","5310","Postdienste von Universaldienstleistungsanbietern"
"532000","5320","Sonstige Post-, Kurier- und Expressdienste"
"551001","5510","Hotels, Gasthöfe und Pensionen mit Restaurant"
"551002","5510","Hotels, Gasthöfe und Pensionen ohne Restaurant"
"551003","5510","Verwaltung von Hotels, Gasthöfen und Pensionen"
"552001","5520","Ferienwohnungen, Ferienhäuser"
"552002","5520","Kollektivunterkünfte"
"552003","5520","Verwaltung von Ferien- und Kollektivunterkünften"
"553001","5530","Campingplätze"
"553002","5530","Verwaltung von Campingplätzen"
"559000","5590","Sonstige Beherbergungsstätten"
"561001","5610","Restaurants, Imbissstuben, Tea-Rooms und Gelaterias"
"561002","5610","Restaurants mit Beherbergungsangebot"
"561003","5610","Verwaltung von Restaurantssbetrieben"
"562100","5621","Event-Caterer"
"562900","5629","Erbringung sonstiger Verpflegungsdienstleistungen"
"563001","5630","Bars"
"563002","5630","Diskotheken, Dancings, Night Clubs"
"581100","5811","Verlegen von Büchern"
"581200","5812","Verlegen von Adressbüchern und Verzeichnissen"
"581300","5813","Verlegen von Zeitungen"
"581400","5814","Verlegen von Zeitschriften"
"581900","5819","Sonstiges Verlagswesen (ohne Software)"
"582100","5821","Verlegen von Computerspielen"
"582900","5829","Verlegen von sonstiger Software"
"591100","5911","Herstellung von Filmen, Videofilmen und Fernsehprogrammen"
"591200","5912","Nachbearbeitung und sonstige Filmtechnik"
"591300","5913","Filmverleih und -vertrieb (ohne Videotheken)"
"591400","5914","Kinos"
"592000","5920","Tonstudios; Herstellung von Radiobeiträgen; Verlegen von bespielten Tonträgern und Musikalien"
"601000","6010","Radioveranstalter"
"602000","6020","Fernsehveranstalter"
"611000","6110","Leitungsgebundene Telekommunikation"
"612000","6120","Drahtlose Telekommunikation"
"613000","6130","Satellitentelekommunikation"
"619000","6190","Sonstige Telekommunikation"
"620100","6201","Programmierungstätigkeiten"
"620200","6202","Erbringung von Beratungsleistungen auf dem Gebiet der Informationstechnologie"
"620300","6203","Betrieb von Datenverarbeitungsanlagen für Dritte"
"620900","6209","Erbringung von sonstigen Dienstleistungen der Informationstechnologie"
"631100","6311","Datenverarbeitung, Hosting und damit verbundene Tätigkeiten"
"631200","6312","Webportale"
"639100","6391","Korrespondenz- und Nachrichtenbüros"
"639900","6399","Erbringung von sonstigen Informationsdienstleistungen a. n. g."
"641100","6411","Schweizerische Nationalbank"
"641901","6419","Institute mit besonderem Geschäftskreis"
"641902","6419","Kantonalbanken"
"641903","6419","Grossbanken"
"641904","6419","Regionalbanken und Sparkassen"
"641905","6419","Raiffeisenbanken"
"641906","6419","Handelsbanken"
"641907","6419","Börsenbanken"
"641908","6419","Ausländisch beherrschte Banken"
"641909","6419","Filialen ausländischer Banken"
"641910","6419","Privatbankiers"
"641911","6419","Andere Banken"
"641912","6419","Sonstige Kreditinstitute (ohne Spezialkreditinstitute) a. n. g."
"642001","6420","Finanzholdinggesellschaften"
"642002","6420","Andere Holdinggesellschaften"
"643000","6430","Treuhand- und sonstige Fonds und ähnliche Finanzinstitutionen"
"649100","6491","Institutionen für Finanzierungsleasing"
"649201","6492","Kleinkreditinstitute"
"649202","6492","Sonstige Spezialkreditinstitute"
"649901","6499","Investmentgesellschaften"
"649902","6499","Tresorerie innerhalb einer Unternehmensgruppe"
"649903","6499","Sonstige Finanzierungsinstitutionen a. n. g."
"651100","6511","Lebensversicherungen"
"651201","6512","Unfallversicherung (SUVA)"
"651202","6512","Unfall- und Schadenversicherung"
"651203","6512","Krankenkassen"
"651204","6512","Sonstige Versicherungen (ohne Sozialversicherung) a. n. g."
"652000","6520","Rückversicherungen"
"653000","6530","Pensionskassen und Pensionsfonds"
"661100","6611","Effekten- und Warenbörsen"
"661200","6612","Effekten- und Warenhandel"
"661900","6619","Sonstige mit Finanzdienstleistungen verbundene Tätigkeiten"
"662100","6621","Risiko- und Schadensbewertung"
"662200","6622","Tätigkeit von Versicherungsmaklerinnen und -maklern"
"662901","6629","Ausgleichskassen"
"662902","6629","Sonstige mit Versicherungsdienstleistungen und Pensionskassen verbundene Tätigkeiten a. n. g."
"663001","6630","Fondsleitungen"
"663002","6630","Fondsmanagement"
"681000","6810","Kauf und Verkauf von eigenen Grundstücken, Gebäuden und Wohnungen"
"682001","6820","Vermietung und Verpachtung von eigenen oder geleasten Grundstücken"
"682002","6820","Vermietung und Verpachtung von eigenen oder geleasten Gebäuden und Wohnungen"
"683100","6831","Vermittlung von Grundstücken, Gebäuden und Wohnungen für Dritte"
"683200","6832","Verwaltung von Grundstücken, Gebäuden und Wohnungen für Dritte"
"691001","6910","Advokatur-, Notariatsbüros"
"691002","6910","Patentanwaltsbüros, Patentverwertung"
"692000","6920","Wirtschaftsprüfung und Steuerberatung; Buchführung; Treuhandgesellschaften"
"701001","7010","Firmensitzaktivitäten von Finanzgesellschaften"
"701002","7010","Firmensitzaktivitäten von anderen Gesellschaften"
"702100","7021","Public-Relations-Beratung"
"702200","7022","Unternehmensberatung"
"711101","7111","Architekturbüros"
"711102","7111","Raumplanungsbüros"
"711103","7111","Landschaftsplanungsbüros und Gartenarchitekturbüros"
"711201","7112","Bau-Ingenieurbüros"
"711202","7112","Gebäudetechnik-Ingenieurbüros"
"711203","7112","Sonstige Ingenieurbüros"
"711204","7112","Geometerbüros"
"711205","7112","Sonstige technische Beratung und Planung"
"712000","7120","Technische, physikalische und chemische Untersuchung"
"721100","7211","Forschung und Entwicklung im Bereich Biotechnologie"
"721900","7219","Sonstige Forschung und Entwicklung im Bereich Natur-, Ingenieur-, Agrarwissenschaften und Medizin"
"722000","7220","Forschung und Entwicklung im Bereich Rechts-, Wirtschafts- und Sozialwissenschaften sowie im Bereich Sprach-, Kultur- und Kunstwissenschaften"
"731100","7311","Werbeagenturen"
"731200","7312","Vermarktung und Vermittlung von Werbezeiten und Werbeflächen"
"732000","7320","Markt- und Meinungsforschung"
"741001","7410","Industrie- und Produktdesign"
"741002","7410","Grafikdesign und Visuelle Kommunikation"
"741003","7410","Innenarchitektur und Raumgestaltung"
"742001","7420","Fotografie"
"742002","7420","Fotolabors"
"743000","7430","Übersetzen und Dolmetschen"
"749000","7490","Sonstige freiberufliche, wissenschaftliche und technische Tätigkeiten a. n. g."
"750000","7500","Veterinärwesen"
"771100","7711","Vermietung von Automobilen mit einem Gesamtgewicht von 3,5 t oder weniger"
"771200","7712","Vermietung von Automobilen mit einem Gesamtgewicht von mehr als 3,5 t"
"772100","7721","Vermietung von Sport- und Freizeitgeräten"
"772200","7722","Videotheken"
"772900","7729","Vermietung von sonstigen Gebrauchsgütern"
"773100","7731","Vermietung von landwirtschaftlichen Maschinen und Geräten"
"773200","7732","Vermietung von Baumaschinen und -geräten"
"773300","7733","Vermietung von Büromaschinen, Datenverarbeitungsgeräten und -einrichtungen"
"773400","7734","Vermietung von Wasserfahrzeugen"
"773500","7735","Vermietung von Luftfahrzeugen"
"773900","7739","Vermietung von sonstigen Maschinen, Geräten und beweglichen Sachen a. n. g."
"774000","7740","Leasing von geistigem Eigentum und ähnlichen Produkten (ohne Copyrights)"
"781000","7810","Vermittlung von Arbeitskräften"
"782000","7820","Befristete Überlassung von Arbeitskräften"
"783000","7830","Sonstige Überlassung von Arbeitskräften"
"791100","7911","Reisebüros"
"791200","7912","Reiseveranstalter"
"799001","7990","Reservationsdienst zur Beherbergung von Touristen"
"799002","7990","Erbringung sonstiger Reservierungsdienstleistungen"
"801000","8010","Private Wach- und Sicherheitsdienste"
"802000","8020","Sicherheitsdienste mithilfe von Überwachungs- und Alarmsystemen"
"803000","8030","Detekteien"
"811000","8110","Hausmeisterdienste; Facility Management"
"812100","8121","Allgemeine Gebäudereinigung"
"812201","8122","Kaminfeger"
"812202","8122","Spezielle Reinigung von Gebäuden und Reinigung von Maschinen"
"812900","8129","Reinigung a. n. g."
"813000","8130","Garten- und Landschaftsbau sowie Erbringung von sonstigen gärtnerischen Dienstleistungen"
"821100","8211","Allgemeine Sekretariats- und Schreibdienste"
"821901","8219","Sekretariats- und Schreibdienste"
"821902","8219","Copy Shops"
"822000","8220","Call Centers"
"823000","8230","Messe-, Ausstellungs- und Kongressveranstalter"
"829100","8291","Inkassobüros und Auskunfteien"
"829200","8292","Abfüllen und Verpacken"
"829900","8299","Erbringung sonstiger wirtschaftlicher Dienstleistungen für Unternehmen und Privatpersonen a. n. g."
"841100","8411","Allgemeine öffentliche Verwaltung"
"841200","8412","Öffentliche Verwaltung auf den Gebieten Gesundheitswesen, Bildung, Kultur und Sozialwesen"
"841300","8413","Wirtschaftsförderung, -ordnung und -aufsicht"
"842100","8421","Auswärtige Angelegenheiten"
"842201","8422","Verteidigung"
"842202","8422","Zivilschutz"
"842301","8423","Verwaltung der Rechtspflege, Gerichte"
"842302","8423","Verwaltung von Strafvollzugsanstalten"
"842400","8424","Öffentliche Sicherheit und Ordnung"
"842500","8425","Feuerwehren"
"843000","8430","Alters- und Hinterlassenenversicherung (AHV), Invalidenversicherung (IV), Arbeitslosenversicherung (ALV)"
"851000","8510","Kindergärten und Vorschulen"
"852001","8520","Primarschulen"
"852002","8520","Sonderschulen"
"852003","8520","Obligatorische Schulen a. n. g."
"853101","8531","Bezirks-, Sekundar-, Realschulen, Oberstufe der Primarschulen"
"853102","8531","Maturitätsschulen"
"853103","8531","Fachmittelschulen FMS (bisher: Diplommittelschulen DMS)"
"853200","8532","Berufsbildende weiterführende Schulen"
"854100","8541","Post-sekundärer, nicht tertiärer Unterricht"
"854201","8542","Universitäre Hochschulen"
"854202","8542","Fachhochschulen"
"854203","8542","Andere Ausbildungsstätten der höheren Berufsbildung"
"855100","8551","Sport- und Freizeitunterricht"
"855200","8552","Kulturunterricht"
"855300","8553","Fahr- und Flugschulen"
"855901","8559","Sprachunterricht"
"855902","8559","Informatikunterricht"
"855903","8559","Berufliche Erwachsenenbildung"
"855904","8559","Sonstiger Unterricht a. n. g."
"856000","8560","Erbringung von Dienstleistungen für den Unterricht"
"861001","8610","Allgemeine Krankenhäuser"
"861002","8610","Spezialkliniken"
"862100","8621","Arztpraxen für Allgemeinmedizin"
"862200","8622","Facharztpraxen"
"862300","8623","Zahnarztpraxen"
"869001","8690","Psychotherapie und Psychologie"
"869002","8690","Physiotherapie"
"869003","8690","Aktivitäten der Krankenschwestern, Hauspflege"
"869004","8690","Aktivitäten der Hebammen"
"869005","8690","Sonstige Aktivitäten der nicht-ärztlichen Medizinalberufe"
"869006","8690","Medizinische Labors"
"869007","8690","Sonstiges Gesundheitswesen a. n. g."
"871000","8710","Pflegeheime"
"872001","8720","Institutionen für Suchtkranke"
"872002","8720","Institutionen für psychosoziale Fälle"
"873001","8730","Altersheime"
"873002","8730","Institutionen für Behinderte"
"879001","8790","Wohnheime für Kinder und Jugendliche"
"879002","8790","Erziehungsheime"
"879003","8790","Sonstige Wohnheime"
"881000","8810","Soziale Betreuung älterer Menschen und Behinderter"
"889100","8891","Tagesbetreuung von Kindern"
"889901","8899","Organisationen der Wohlfahrtspflege"
"889902","8899","Sonstiges Sozialwesen a. n. g."
"900101","9001","Theater- und Ballettgruppen"
"900102","9001","Orchester, Chöre, Musiker"
"900200","9002","Erbringung von Dienstleistungen für die darstellende Kunst"
"900301","9003","Selbstständige bildende Künstler"
"900302","9003","Sonstige künstlerische und schriftstellerische Tätigkeiten und Darbietungen"
"900303","9003","Selbstständige Journalisten"
"900400","9004","Betrieb von Kultur- und Unterhaltungseinrichtungen"
"910100","9101","Bibliotheken und Archive"
"910200","9102","Museen"
"910300","9103","Betrieb von historischen Stätten und Gebäuden und ähnlichen Attraktionen"
"910400","9104","Botanische und zoologische Gärten sowie Naturparks"
"920000","9200","Spiel-, Wett- und Lotteriewesen"
"931100","9311","Betrieb von Sportanlagen"
"931200","9312","Sportvereine"
"931300","9313","Gymnastik- und Fitnesszentren"
"931900","9319","Erbringung von sonstigen Dienstleistungen des Sports"
"932100","9321","Vergnügungs- und Themenparks"
"932900","9329","Erbringung von Dienstleistungen der Unterhaltung und der Erholung a. n. g."
"941100","9411","Wirtschafts- und Arbeitgeberverbände"
"941200","9412","Berufsorganisationen"
"942000","9420","Arbeitnehmervereinigungen"
"949101","9491","Kirchgemeinden und religiöse Vereinigungen"
"949102","9491","Klöster und Ordensgemeinschaften"
"949200","9492","Politische Parteien und Vereinigungen"
"949901","9499","Organisationen der Kultur, Bildung, Wissenschaft und Forschung"
"949902","9499","Organisationen des Gesundheitswesens"
"949903","9499","Jugendorganisationen"
"949904","9499","Sonstige Interessenvertretungen und Vereinigungen a. n. g."
"951100","9511","Reparatur von Datenverarbeitungsgeräten und peripheren Geräten"
"951200","9512","Reparatur von Telekommunikationsgeräten"
"952100","9521","Reparatur von Geräten der Unterhaltungselektronik"
"952200","9522","Reparatur von elektrischen Haushaltsgeräten und Gartengeräten"
"952300","9523","Reparatur von Schuhen und Lederwaren"
"952400","9524","Reparatur von Möbeln und Einrichtungsgegenständen"
"952500","9525","Reparatur von Uhren und Schmuck"
"952900","9529","Reparatur von sonstigen Gebrauchsgütern"
"960101","9601","Wäscherei"
"960102","9601","Textilreinigung"
"960201","9602","Coiffeursalons"
"960202","9602","Kosmetiksalons"
"960300","9603","Bestattungswesen"
"960401","9604","Saunas, Solarien"
"960402","9604","Sonstiges Körperpflegegewerbe"
"960900","9609","Erbringung von sonstigen Dienstleistungen a. n. g."
"970000","9700","Private Haushalte mit Hauspersonal"
"981000","9810","Herstellung von Waren durch private Haushalte für den Eigenbedarf ohne ausgeprägten Schwerpunkt"
"982000","9820","Erbringungen von Dienstleistungen durch private Haushalte für den Eigenbedarf ohne ausgeprägten Schwerpunkt"
"990001","9900","Konsulate"
"990002","9900","Botschaften"
"990003","9900","Internationale Organisationen mit Behördecharakter"
